[{"id":1,"userName":"Sajdhy","emailId":"Sajdhy@gmail.com","age":"77","state":"karnataka"},{"id":2,"userName":"Sachin","emailId":"sachinys1504@gmail.com","age":"25","state":"karnataka"},{"id":3,"userName":"fd","emailId":"a@gmail.com","age":"45","state":"karnataka"},{"id":4,"userName":"sanjay","emailId":"pa@gmail.com","age":"34","state":"karnataka"},{"id":5,"userName":"pawan","emailId":"pa@gmail.com","age":"23","state":"karnataka"},{"id":6,"userName":"string","emailId":"string","age":"string","state":"string"},{"id":7,"userName":"pawan","emailId":"updatd@gmail.com","age":"222","state":"karnataka"},{"id":8,"userName":"spurtree","emailId":"spurtree@gmail.com","age":"56","state":"karnataka"},{"id":9,"userName":"yetdirtr","emailId":"yetdirtr@gmail.com","age":"17","state":"karnataka"},{"id":10,"userName":"hgdf","emailId":"hgdf@gmail.com","age":"87","state":"uP"},{"id":11,"userName":"hgdf","emailId":"hgdf@gmail.com","age":"87","state":"hariyana"}]